f,0.24016539752483368,0.8968755006790161,0.2638823688030243,0.8283219337463379,0.27316027879714966,0.7312358617782593,0.2856748402118683,0.6601923108100891,0.30136528611183167,0.6056627631187439,0.22959356009960175,0.6814404129981995,0.2620643079280853,0.6445224285125732,0.2936363220214844,0.6586459279060364,0.31606176495552063,0.6687169671058655,0.209442138671875,0.674397349357605,0.21675018966197968,0.5706139802932739,0.22412098944187164,0.4947325885295868,0.2288128286600113,0.42824575304985046,0.18786868453025818,0.6931336522102356,0.16730210185050964,0.591141939163208,0.15609070658683777,0.5173357129096985,0.14876686036586761,0.44914889335632324,0.17116938531398773,0.7360860705375671,0.13079805672168732,0.6831064820289612,0.1070307269692421,0.6377572417259216,0.08951988816261292,0.5914846062660217,3.00638953788534,2.9722419981306407,2.052764788953566,2.326093069303903,3.1406684308239177,2.776313752520089,3.0951300887353206,3.095395336945914,3.0577100974963187,3.0611345819724525,3.0665114841344803,2.858364848053798,2.9567539142943273,2.983732964339873,1.2037056215245798
f,0.27410686016082764,0.9153977036476135,0.30495187640190125,0.8547115325927734,0.32483214139938354,0.7665123343467712,0.3449546992778778,0.6983898282051086,0.36651554703712463,0.6505176424980164,0.29148030281066895,0.6950206756591797,0.3165580630302429,0.6652023792266846,0.3370196223258972,0.686995267868042,0.35147130489349365,0.7093315720558167,0.2688699960708618,0.6778342723846436,0.28804510831832886,0.5800135135650635,0.29798972606658936,0.5100256204605103,0.3056219816207886,0.44436031579971313,0.24168911576271057,0.6824939250946045,0.23871749639511108,0.5779985189437866,0.2375740110874176,0.512028694152832,0.23957228660583496,0.45351168513298035,0.21369054913520813,0.7113751173019409,0.1887551099061966,0.6458966732025146,0.17344526946544647,0.6014165282249451,0.16295281052589417,0.5582064986228943,3.039162833921015,2.9499879648812186,2.299540347303295,2.0123361909528032,2.9657046903248063,2.7670985354135786,3.0536972495629118,3.097926176497883,2.949530507850947,3.1218848643587944,3.0501531086146736,3.0310417969348404,3.095587400030917,2.9999894979659962,1.2983367566471562
f,0.2710745930671692,0.9018045663833618,0.292892187833786,0.8283331394195557,0.3008922040462494,0.7277776598930359,0.31646499037742615,0.6577604413032532,0.3372141420841217,0.6064372062683105,0.2585732936859131,0.681689977645874,0.2901885211467743,0.6235094666481018,0.32300251722335815,0.6248742341995239,0.3495827913284302,0.6261011958122253,0.2442208230495453,0.6787939071655273,0.25477686524391174,0.5846565961837769,0.2669443190097809,0.5173768401145935,0.275639146566391,0.457165390253067,0.22886192798614502,0.700408935546875,0.20914781093597412,0.6005703210830688,0.19874969124794006,0.5296757221221924,0.19112920761108398,0.46243277192115784,0.21907693147659302,0.7433602809906006,0.17858412861824036,0.6945688128471375,0.15263988077640533,0.6515936851501465,0.13202111423015594,0.6049417853355408,2.905561178171672,2.8949450429488683,2.272837770455971,2.3155335410939726,3.139023826196112,2.733934226996933,3.0272924524055123,3.0818148327897723,3.122507918733328,3.0590594086614087,3.0853350233132684,2.6945956873881403,2.9871682092651004,2.9868537616483777,1.1683948892072413
f,0.24111217260360718,0.9018604755401611,0.2710873782634735,0.7894180417060852,0.2756201922893524,0.6931219696998596,0.281823992729187,0.632304310798645,0.28946182131767273,0.5829197764396667,0.2062666267156601,0.665023684501648,0.23700624704360962,0.5703583359718323,0.254054456949234,0.5178494453430176,0.2690301537513733,0.4775618612766266,0.20245420932769775,0.6835446357727051,0.23303668200969696,0.5725613236427307,0.24657970666885376,0.5041842460632324,0.25589725375175476,0.44761407375335693,0.21187573671340942,0.7106852531433105,0.2387850433588028,0.5997048020362854,0.2547122538089752,0.5417239665985107,0.2625633478164673,0.49204710125923157,0.23147137463092804,0.7364168763160706,0.2339927703142166,0.654098391532898,0.2312663048505783,0.5980389714241028,0.23022115230560303,0.5456305742263794,3.045685621606384,3.0526667674401704,2.3622170349244893,3.1415313212918594,3.0811211332563424,2.3810947932959996,3.0246277125522845,3.087887273093439,2.4691446845542067,3.094295779712782,2.961211084443367,2.9839662897465664,3.0009452479328007,3.0907828611484187,0.7808617413388016
f,0.24135395884513855,0.9091764688491821,0.2738534212112427,0.8545035123825073,0.2900625765323639,0.7676980495452881,0.3104051947593689,0.6997889280319214,0.32923969626426697,0.6566721200942993,0.2632647752761841,0.6878073215484619,0.2771129906177521,0.6431915163993835,0.2919834852218628,0.6565238237380981,0.3014763593673706,0.6745307445526123,0.24125050008296967,0.6718205213546753,0.2415231317281723,0.5707669854164124,0.2373126894235611,0.5055243968963623,0.23134401440620422,0.45111897587776184,0.21908414363861084,0.6774190068244934,0.21578413248062134,0.5789138078689575,0.2134239375591278,0.5134620666503906,0.21037578582763672,0.4578472971916199,0.196610689163208,0.6999312043190002,0.19527028501033783,0.6200172305107117,0.1936294287443161,0.5677444338798523,0.19205772876739502,0.5200369358062744,2.9727668983912485,2.9706408373130544,2.8115466552233137,1.6079271224637128,2.7908860444919616,3.1360215378182423,3.0225666709311314,3.0632051308474875,3.0318842230764314,3.1370603087875306,3.108481463855772,2.80812873000213,3.1156555725834902,3.138838543316412,1.4088537971002788
f,0.30278608202934265,0.9555007815361023,0.3281744718551636,0.892351508140564,0.3450353145599365,0.805496335029602,0.3644932806491852,0.7488093972206116,0.38693490624427795,0.7055039405822754,0.31095364689826965,0.7666150331497192,0.3417973816394806,0.7384107708930969,0.3733467161655426,0.7726876139640808,0.3960866630077362,0.801488995552063,0.29714325070381165,0.7612837553024292,0.3188203275203705,0.6835504770278931,0.33677318692207336,0.6384262442588806,0.3487624526023865,0.6002745628356934,0.28029271960258484,0.7752490043640137,0.2725318670272827,0.6846904158592224,0.26690107583999634,0.615800142288208,0.2623361647129059,0.5544635653495789,0.26417842507362366,0.8085593581199646,0.2527100443840027,0.7358318567276001,0.24572911858558655,0.6809956431388855,0.24074620008468628,0.633269727230072,2.926001050233591,2.945053063199198,2.122590343325048,2.1179575455459325,3.071131136132623,2.629736897450808,2.9862363397900085,3.035463000858353,3.0744744303153917,3.134698027676351,3.1288399834171847,2.977933996824938,3.0908417192763884,3.1025459569930907,1.0852700232580808
f,0.33336272835731506,0.9984933137893677,0.35414421558380127,0.9269205927848816,0.36418357491493225,0.840724527835846,0.3766828775405884,0.7854164838790894,0.3937944769859314,0.740771472454071,0.31041842699050903,0.8004977703094482,0.32544559240341187,0.7251449227333069,0.33650994300842285,0.6741493344306946,0.3486780822277069,0.6288514733314514,0.2972196936607361,0.8106955289840698,0.3537066578865051,0.7742116451263428,0.3883937895298004,0.8003309369087219,0.411239355802536,0.8187524676322937,0.2934645116329193,0.833039402961731,0.3310154974460602,0.7702926993370056,0.3525177836418152,0.7349299192428589,0.3651326894760132,0.6994495391845703,0.2971211075782776,0.8604541420936584,0.3046726882457733,0.7992601990699768,0.3045985698699951,0.7573480010032654,0.3019435703754425,0.7172902822494507,2.9637380082895097,2.9254960542863375,2.597714968260556,3.114164064987708,3.064195930883684,1.589616591781485,2.392460588168515,3.1164229713547793,1.920234658646752,3.1336592215905226,2.8809775733527854,2.488934857941692,2.922485198645131,3.027447363629653,1.072531782778203
f,0.3039037585258484,0.7353380918502808,0.3313330411911011,0.6596084833145142,0.3403649926185608,0.5584648251533508,0.35471636056900024,0.4930669069290161,0.37162935733795166,0.44522804021835327,0.3069053888320923,0.51740962266922,0.3350178301334381,0.4626820683479309,0.3634883761405945,0.4630560278892517,0.3832823634147644,0.46623069047927856,0.2950209081172943,0.5058493614196777,0.30880701541900635,0.4075453281402588,0.320026159286499,0.34474068880081177,0.32652056217193604,0.29511308670043945,0.28142252564430237,0.5126762986183167,0.28055113554000854,0.4149273931980133,0.2798484265804291,0.34152838587760925,0.27805644273757935,0.2820880711078644,0.2693474292755127,0.5321903228759766,0.26551517844200134,0.4483889043331146,0.2607303559780121,0.39010822772979736,0.25707995891571045,0.3410148620605469,2.9270643021374663,2.9524350820182113,2.426008993834799,2.3034729741878084,3.059007831742148,2.8285547622503135,3.0784250801605535,3.0626704422448383,2.979835903654172,3.140420980067668,3.105066602916578,2.929047944186096,3.07778073912245,3.128087966505927,1.42469935337811
f,0.22164519131183624,0.7368570566177368,0.2525419294834137,0.6700059175491333,0.2681124210357666,0.5822529196739197,0.2840469479560852,0.5181499719619751,0.3032558560371399,0.4741746783256531,0.23969528079032898,0.5313292145729065,0.25690126419067383,0.4922401010990143,0.2745681405067444,0.4984792470932007,0.2881971299648285,0.5092561841011047,0.2193576842546463,0.5157684087753296,0.2280140072107315,0.4238525629043579,0.2306850254535675,0.3614642024040222,0.23233895003795624,0.3104633688926697,0.1975175440311432,0.5183444023132324,0.1947389841079712,0.42333829402923584,0.1939767301082611,0.36173415184020996,0.19448643922805786,0.3115256130695343,0.1758612096309662,0.5382422208786011,0.17360667884349823,0.46298083662986755,0.17166943848133087,0.41363197565078735,0.17054465413093567,0.37167274951934814,3.0310443672608405,2.897422781603366,2.632474655906366,2.0386970027721705,2.9191773423371927,2.957314332326738,3.0516712644543564,3.1232159877357124,2.999705563317965,3.111639974775835,3.101553248440268,2.8058655487134625,3.1251219949469173,3.119537282237624,1.3422469182613592
f,0.3820137679576874,0.7605853080749512,0.40412887930870056,0.6810019016265869,0.4074804484844208,0.5829461216926575,0.4161491394042969,0.5175957679748535,0.4291956424713135,0.4736024737358093,0.36890241503715515,0.533817708492279,0.38256463408470154,0.4529240131378174,0.4022849500179291,0.420291006565094,0.4176941514015198,0.3933071494102478,0.35607948899269104,0.5309702157974243,0.35557618737220764,0.43091338872909546,0.3600674867630005,0.36863958835601807,0.3618970513343811,0.3155136704444885,0.34374675154685974,0.5472345948219299,0.3313239812850952,0.4524382948875427,0.32344651222229004,0.38335978984832764,0.3162699341773987,0.3259109854698181,0.3329079747200012,0.5776472091674805,0.32239219546318054,0.4976833164691925,0.3153838813304901,0.44045156240463257,0.3103216886520386,0.39130404591560364,2.9706927389893534,2.888003492072704,2.747477220764945,2.612067307485537,3.113323479444939,2.952375795509355,3.0051295875595856,3.0752191146653947,3.0618085129720347,3.1127236349194316,3.123077700690875,2.926010332113526,3.1262814476213845,3.108344071246989,1.3611920656746634
f,0.3863775134086609,0.9225303530693054,0.40842434763908386,0.8387938737869263,0.41562241315841675,0.7359066605567932,0.42769700288772583,0.6679165959358215,0.4458543658256531,0.6158257722854614,0.3765566647052765,0.6880372762680054,0.38174474239349365,0.5940092206001282,0.38922402262687683,0.5330434441566467,0.3949504494667053,0.4795473515987396,0.3630636930465698,0.6972129344940186,0.36113980412483215,0.5961844325065613,0.3615802228450775,0.5319092273712158,0.3602454662322998,0.4725610613822937,0.35201624035835266,0.7220619320869446,0.3444187343120575,0.6253229975700378,0.339016854763031,0.5527064800262451,0.3339468240737915,0.48835164308547974,0.3432210385799408,0.7594225406646729,0.3353123664855957,0.6774389147758484,0.3289017677307129,0.6188203692436218,0.32380208373069763,0.5681191086769104,2.9595146472284464,2.892643737322558,2.9694967357201785,3.0246351104209244,3.114909131823838,2.9935191751099364,3.0955704309452505,3.0894503570271916,2.984534462925119,3.1343539133764895,3.1339245193441467,2.8717644693773865,3.1194118994456925,3.126512257777738,1.1183920690756748
f,0.26256027817726135,0.8665787577629089,0.28703904151916504,0.7957484722137451,0.29715976119041443,0.6937108039855957,0.3116205930709839,0.6211955547332764,0.32857832312583923,0.566545307636261,0.2523047924041748,0.64366614818573,0.2875085473060608,0.599470853805542,0.3240543007850647,0.6131995916366577,0.350212961435318,0.6269435882568359,0.23248176276683807,0.6352366805076599,0.24028931558132172,0.5317684412002563,0.25004369020462036,0.45558589696884155,0.25597086548805237,0.3912530541419983,0.21137729287147522,0.6529254913330078,0.1887771189212799,0.5506261587142944,0.17667067050933838,0.47765225172042847,0.1674928367137909,0.4100954532623291,0.19557519257068634,0.6948065757751465,0.15967079997062683,0.633858859539032,0.13769739866256714,0.5835545659065247,0.1212833970785141,0.5345259308815002,2.9754330087420167,2.978190155552443,2.104043434948885,2.3184926626323747,3.062474981407414,2.781087494744211,3.051132603650956,3.0801307128357402,3.113212641023455,3.054155404340708,3.0917682403534332,2.9392942737484455,2.9933770331378327,3.0181762095867755,1.2228769670654431
f,0.3094886839389801,0.9057567119598389,0.34235939383506775,0.8128793239593506,0.34761667251586914,0.7116461992263794,0.3560442328453064,0.6430690884590149,0.375942200422287,0.5906845331192017,0.2902449667453766,0.669135570526123,0.2930825352668762,0.5711460113525391,0.2922588586807251,0.5070021152496338,0.2922884523868561,0.4554957151412964,0.2802075445652008,0.6799474358558655,0.30056679248809814,0.5757599472999573,0.3198882043361664,0.5111951231956482,0.3361470103263855,0.4556829035282135,0.27791035175323486,0.7047367095947266,0.3203515410423279,0.6293128132820129,0.3599052131175995,0.6335914134979248,0.38440781831741333,0.6372503042221069,0.2847471833229065,0.7333347797393799,0.2867869734764099,0.6552048325538635,0.28317105770111084,0.5992093086242676,0.27718454599380493,0.551140308380127,3.0185614488042196,2.7627461567837104,2.9465708398725736,3.067332796265881,3.1177465939143367,2.5806705841636766,2.987017907695845,3.1327262960685243,2.083681328353612,2.295602324203569,3.118564980872107,2.845439146756313,2.9809125362311795,3.038002976193943,1.0431678106982603
f,0.27074769139289856,0.8829922676086426,0.30549395084381104,0.8232253193855286,0.3245405852794647,0.736021876335144,0.34585273265838623,0.6690523624420166,0.3672676086425781,0.6237057447433472,0.2977132201194763,0.6711342930793762,0.31734639406204224,0.6382371187210083,0.33011022210121155,0.6486582159996033,0.33776724338531494,0.660778820514679,0.2763962745666504,0.6516016125679016,0.2887756824493408,0.5519718527793884,0.2925478219985962,0.48576274514198303,0.2942257225513458,0.42959079146385193,0.25322532653808594,0.6538592576980591,0.25433942675590515,0.5535340309143066,0.25514644384384155,0.4885024130344391,0.2563437521457672,0.43277227878570557,0.22944563627243042,0.6759162545204163,0.23103347420692444,0.598969042301178,0.2315828502178192,0.5476794838905334,0.2322917878627777,0.5015337467193604,2.997110382183819,2.9580527521832884,2.5491428967290153,1.9552515754838966,2.844629419472044,2.9675586069334945,3.0251289859652712,3.0937051333661025,2.986730571189034,3.139274156433406,3.125475317380038,2.7641710498203906,3.1239638550496402,3.133327361626656,1.3355335337590777
f,0.1442439705133438,0.7823293209075928,0.16573521494865417,0.7733235359191895,0.18138670921325684,0.7351773977279663,0.18219207227230072,0.6868724822998047,0.1821146458387375,0.645205020904541,0.20422405004501343,0.636991024017334,0.19070012867450714,0.5641852021217346,0.18099111318588257,0.5062068700790405,0.17508119344711304,0.4562303125858307,0.1871519684791565,0.6089478731155396,0.18578599393367767,0.5302343964576721,0.18749374151229858,0.4668242335319519,0.19123575091362,0.40836474299430847,0.16706161201000214,0.5964093208312988,0.16591192781925201,0.5243107080459595,0.1734698861837387,0.4735562205314636,0.18149477243423462,0.42762672901153564,0.14500245451927185,0.594997227191925,0.14989601075649261,0.5389488935470581,0.15688017010688782,0.5009689331054688,0.16385862231254578,0.46499842405319214,2.5410191502053667,3.108657899742653,2.1896676495951803,3.111989903886877,3.05945372960316,2.6962780301182137,3.0629091548461123,3.076126147200019,2.898434699803681,2.854455891630207,3.099220417957707,2.9948023019386185,2.979616369080261,3.125435247619057,1.7585937472358497
f,0.18799418210983276,0.7698702216148376,0.2194587141275406,0.7235242128372192,0.23710358142852783,0.6497212052345276,0.25534147024154663,0.5950485467910767,0.27019840478897095,0.5527569055557251,0.21710294485092163,0.5751871466636658,0.2351357787847519,0.5455470085144043,0.25135907530784607,0.5541183352470398,0.26392221450805664,0.5647540092468262,0.19938436150550842,0.5519635677337646,0.21224749088287354,0.4614073634147644,0.22199681401252747,0.40064752101898193,0.23007461428642273,0.3476595878601074,0.1782352328300476,0.5496259331703186,0.17829002439975739,0.4566799998283386,0.18108874559402466,0.3979136347770691,0.18481774628162384,0.3474193811416626,0.1565437912940979,0.5666787028312683,0.1543324887752533,0.4954342842102051,0.15333954989910126,0.4485076069831848,0.15335939824581146,0.40659984946250916,3.008206583037322,3.1186165601554765,2.576823591325506,2.1064936812101656,2.9860408097191975,2.986898066279166,3.111070982718743,3.128374220361952,3.0619342563414467,3.058176238363843,3.0955148021323944,2.9281934740287787,3.1240683595372345,3.103151734664416,1.467871704013519
f,0.19486892223358154,0.5961596369743347,0.2156139314174652,0.5594629645347595,0.22750352323055267,0.5091995000839233,0.24004632234573364,0.4700623154640198,0.251491904258728,0.4389459490776062,0.21316087245941162,0.46206343173980713,0.22650817036628723,0.443545401096344,0.23839245736598969,0.44921404123306274,0.24748332798480988,0.4567853510379791,0.20029690861701965,0.44883280992507935,0.20570328831672668,0.3888698220252991,0.20926135778427124,0.3466789126396179,0.21143297851085663,0.31025099754333496,0.18583165109157562,0.4497540593147278,0.18234077095985413,0.38775670528411865,0.18157121539115906,0.34833353757858276,0.18154248595237732,0.3140430450439453,0.1717643141746521,0.4638053774833679,0.16761305928230286,0.41701558232307434,0.16535188257694244,0.386149525642395,0.16366776823997498,0.3581646680831909,3.0217891269730996,3.0803425585536504,2.4713911196494873,2.2167791664375076,2.96561117380661,3.0480622175269545,3.131472929200996,3.0983630592685043,3.132060814254299,3.076512803661224,3.1083931265164284,2.9971146666200448,3.1146615579270867,3.1186659926861804,1.4120167054239507
f,0.15307685732841492,0.5272095799446106,0.1675865352153778,0.4909142553806305,0.17358733713626862,0.4435465335845947,0.17594954371452332,0.4027077853679657,0.1810653656721115,0.37371310591697693,0.16809643805027008,0.40680521726608276,0.17584578692913055,0.37216517329216003,0.1805010885000229,0.35755494236946106,0.18366611003875732,0.34541094303131104,0.15406568348407745,0.39954614639282227,0.15370143949985504,0.3444623351097107,0.15141624212265015,0.31049782037734985,0.14827822148799896,0.2840762138366699,0.14078988134860992,0.40474727749824524,0.13625293970108032,0.35374823212623596,0.13249047100543976,0.3222513794898987,0.1290448158979416,0.29722923040390015,0.1277511715888977,0.4205830693244934,0.12378101050853729,0.38423699140548706,0.12028329819440842,0.35985860228538513,0.11735256016254425,0.3381015360355377,3.022540712544255,2.9401117460965622,2.9812969824752016,3.0047300116417626,3.0600865567010738,3.1160685325243622,3.0343010469067404,3.0525539120863048,3.1219339741987824,3.0891905753270885,3.11076336158739,2.9338537650862095,3.0836528486465355,3.1268948702177517,1.4344698150948767
f,0.17202377319335938,0.8134870529174805,0.1908515840768814,0.7476454377174377,0.19586405158042908,0.6605406999588013,0.20716574788093567,0.5984019041061401,0.22129236161708832,0.551094114780426,0.1613745093345642,0.6238812804222107,0.18899846076965332,0.5803859233856201,0.21716827154159546,0.5886014699935913,0.23804599046707153,0.6018738746643066,0.1464156210422516,0.6143664121627808,0.1487499177455902,0.5208412408828735,0.15455840528011322,0.45694783329963684,0.15812315046787262,0.4029042720794678,0.13193148374557495,0.6272573471069336,0.11262824386358261,0.5429114699363708,0.10431105643510818,0.4814901351928711,0.09839028120040894,0.4264973998069763,0.1212112233042717,0.6593238711357117,0.09916364401578903,0.5984562039375305,0.08677272498607635,0.5523169040679932,0.0779619961977005,0.5090283751487732,2.9308117516724783,2.9662891285772255,2.1961268905713176,2.254141313475967,2.960770709823403,2.872480205261008,3.025704586384121,3.0980922590741176,3.1207154175329754,2.99142491476754,3.0944717472910566,3.0995145387494727,3.0149120989664717,3.0433467153614786,1.3096394246030967
f,0.3388832211494446,1.0070436000823975,0.3705582618713379,0.9541864395141602,0.3924870491027832,0.8729636073112488,0.4117251932621002,0.8150869011878967,0.4320506751537323,0.7725618481636047,0.35920318961143494,0.8031452298164368,0.38490793108940125,0.7729811072349548,0.4082079827785492,0.8098376393318176,0.42366302013397217,0.8402961492538452,0.337797611951828,0.7866488695144653,0.3506785035133362,0.6983473896980286,0.3622160851955414,0.6397832632064819,0.370272696018219,0.5846620798110962,0.3130354881286621,0.7920145988464355,0.30768901109695435,0.6931496858596802,0.3058808743953705,0.6302741169929504,0.3046814203262329,0.5715342164039612,0.2888585925102234,0.820572018623352,0.2762027382850647,0.7431942224502563,0.2692049741744995,0.6936417818069458,0.2638969421386719,0.6500123739242554,3.0553636258375345,2.9709883692834653,2.329577713707224,1.831023290940094,3.0318893630085126,2.8790941236300185,3.0584496088976407,3.0589289073439465,3.026905333788741,3.096827235169916,3.1267987350598414,2.979545495487975,3.1045961746971735,3.1086263245721923,1.2299694872791247
f,0.2712230384349823,0.8633009195327759,0.30653634667396545,0.7901903390884399,0.3266299068927765,0.6851308941841125,0.3477625548839569,0.6095721125602722,0.36798280477523804,0.5519161224365234,0.28557059168815613,0.6129971742630005,0.3192256689071655,0.5716009140014648,0.34821945428848267,0.5943837761878967,0.36773452162742615,0.6159313917160034,0.26028767228126526,0.5945878028869629,0.2748282551765442,0.47643500566482544,0.2850925624370575,0.39594876766204834,0.29191043972969055,0.3242562413215637,0.23120038211345673,0.6029324531555176,0.2214651256799698,0.4791948199272156,0.21768026053905487,0.3997468948364258,0.21547137200832367,0.3291294276714325,0.20279723405838013,0.6375836133956909,0.18792107701301575,0.5437597632408142,0.17899677157402039,0.47984999418258667,0.1724732220172882,0.4213144779205322,3.0079262700054983,3.0455093580085353,2.277606941566233,2.1201504004990857,3.0019972278781624,2.8539812346118523,3.1340338657253173,3.0861247755949037,3.0138017006660767,3.087115636771414,3.1126527352030857,2.9220336213131897,3.1101755097877612,3.093857421426971,1.2784809055253468
f,0.5540289282798767,0.9027604460716248,0.6150867938995361,0.8263312578201294,0.6632912158966064,0.7116827964782715,0.7107702493667603,0.6370375752449036,0.7508653402328491,0.5824769735336304,0.6140140295028687,0.5836790204048157,0.6734951734542847,0.5233241319656372,0.7151603102684021,0.5618332028388977,0.7455223798751831,0.5945084095001221,0.5869564414024353,0.5602597594261169,0.6038698554039001,0.4036000669002533,0.6184694170951843,0.30975341796875,0.6252476572990417,0.22577807307243347,0.5585175156593323,0.5808200240135193,0.547490119934082,0.44352051615715027,0.5478322505950928,0.3510299623012543,0.5472615361213684,0.2661127746105194,0.5342974066734314,0.6336212754249573,0.5162456035614014,0.5338548421859741,0.5072349309921265,0.47218912839889526,0.5000220537185669,0.4171798825263977,2.9367782416237636,3.0708022266024106,2.41197969497446,2.1435146487066725,3.0766795200566097,3.121242265014094,3.0613990005985507,3.01429528369252,2.9749854419873496,2.993190603945019,3.1230690086609374,2.9599779635953447,3.0845272045021455,3.1164537002190227,1.1052785538321506
f,0.21693184971809387,0.8411813974380493,0.2619655728340149,0.7892137765884399,0.2901543378829956,0.6822485327720642,0.3172592520713806,0.5972854495048523,0.34412768483161926,0.5431370735168457,0.2804636061191559,0.5737456679344177,0.30001017451286316,0.526642382144928,0.303031325340271,0.5523279905319214,0.300822377204895,0.5817714333534241,0.2504322826862335,0.5406548380851746,0.2729920446872711,0.42206019163131714,0.28435659408569336,0.33878564834594727,0.29438185691833496,0.2602526843547821,0.21597331762313843,0.5371689200401306,0.22331543266773224,0.4109807312488556,0.22808779776096344,0.330462247133255,0.2352238893508911,0.25693249702453613,0.17876344919204712,0.5602281093597412,0.177858367562294,0.4656675159931183,0.17764508724212646,0.40257158875465393,0.17944446206092834,0.34147292375564575,3.0638132023318443,2.9346487574183793,2.9055958851021217,0.84173404857823,2.802867376311504,3.0111256259604176,3.0535031469340037,3.1267419405438353,3.032916088502825,3.139681792482175,3.0757229303378835,2.921628255250424,3.130587661051754,3.0832750318299684,1.4367788499071958
f,0.2761385440826416,0.8550394177436829,0.3140418529510498,0.7838959097862244,0.33887532353401184,0.6657701730728149,0.3667820692062378,0.5832341909408569,0.3945813477039337,0.5281631946563721,0.2944997251033783,0.5831036567687988,0.33845847845077515,0.5353521704673767,0.37485256791114807,0.5591288208961487,0.4001808762550354,0.5831806659698486,0.27023565769195557,0.5602899193763733,0.29094359278678894,0.4369972348213196,0.3108380436897278,0.3492963910102844,0.326152503490448,0.2711905241012573,0.2416372001171112,0.5710861682891846,0.23292678594589233,0.4371095597743988,0.23220989108085632,0.345499724149704,0.2332252413034439,0.2641538679599762,0.2143891453742981,0.6111935973167419,0.19764837622642517,0.50746750831604,0.18789444863796234,0.43323850631713867,0.1813456118106842,0.36687231063842773,2.9580343071700126,2.951438077209347,2.238752709958794,2.2409327668286987,3.003166273368946,2.815840714287899,3.0484265004378264,3.093666951993835,3.0439253757590996,3.0404331677607845,3.105495120468626,2.9979980527552765,3.0916663497487087,3.0857617365351198,1.2800824704690779
f,0.3329985737800598,0.9322388172149658,0.36001333594322205,0.8636869788169861,0.3761865794658661,0.768570601940155,0.39442208409309387,0.6992435455322266,0.41293865442276,0.6462711095809937,0.333881676197052,0.7159698009490967,0.3654378652572632,0.6742517948150635,0.3935127854347229,0.6915438175201416,0.41242414712905884,0.7111071348190308,0.3132480978965759,0.7012337446212769,0.3240085244178772,0.5970554947853088,0.3349653482437134,0.5245497822761536,0.34275591373443604,0.46181368827819824,0.2904023230075836,0.7101160287857056,0.278069406747818,0.6022985577583313,0.274258017539978,0.528531551361084,0.2722632884979248,0.46389561891555786,0.2696085572242737,0.7417252659797668,0.2513260841369629,0.6606796979904175,0.2407403588294983,0.605077862739563,0.23267929255962372,0.5562644004821777,2.9977369726735654,3.0229781291936315,2.2174724117992586,2.1686604181070885,2.948109755213005,2.8091495735320917,3.0607389019108138,3.096417009094374,3.0136465203886833,3.0325706404903583,3.1048046076259848,2.988827711735456,3.086552229358647,3.100793034246615,1.272911370948922
f,0.4182374179363251,0.9256910681724548,0.44698360562324524,0.841349720954895,0.4541098177433014,0.7434777021408081,0.46434059739112854,0.6736403703689575,0.4819523096084595,0.6216779947280884,0.4230094254016876,0.7013382315635681,0.43933239579200745,0.6286186575889587,0.4663061797618866,0.6152604222297668,0.4918806254863739,0.6049813032150269,0.4120486378669739,0.7016778588294983,0.4193663001060486,0.6014139652252197,0.4338364601135254,0.5366750359535217,0.44534361362457275,0.4813958704471588,0.3995811641216278,0.7242714762687683,0.38681042194366455,0.6232531070709229,0.38330018520355225,0.552898645401001,0.3814724087715149,0.49156779050827026,0.3897649645805359,0.7637326121330261,0.3714708387851715,0.6958770155906677,0.35742315649986267,0.6448338627815247,0.34494221210479736,0.5976009368896484,3.015544580803506,2.8540783837755237,2.7997025810474834,2.2221613386240655,3.0922603592941766,2.9634891481408836,2.892391835822846,3.1178048064812804,3.083719427158244,3.0089875418400736,3.1060561418098773,2.9975621188276746,3.133516742890024,3.1257372758288007,1.0588778600035789
f,0.34832409024238586,0.9484447836875916,0.38163623213768005,0.8928229212760925,0.40168091654777527,0.802814781665802,0.42101648449897766,0.7379559874534607,0.44299373030662537,0.6968550682067871,0.3749799132347107,0.7286655306816101,0.401254266500473,0.6933574676513672,0.42364493012428284,0.7030988931655884,0.44087597727775574,0.7128201127052307,0.35213005542755127,0.7053648829460144,0.3670615255832672,0.6036130785942078,0.37864670157432556,0.5368947386741638,0.38745012879371643,0.4776414632797241,0.32505160570144653,0.7068772912025452,0.3209180235862732,0.5973872542381287,0.32103872299194336,0.52870774269104,0.32223859429359436,0.46860188245773315,0.29688066244125366,0.7318457365036011,0.28497523069381714,0.6477366089820862,0.2785096764564514,0.5938267707824707,0.2735553979873657,0.5463684797286987,3.0312182394171843,2.86886175057809,2.4304285645534036,2.2543184926734714,3.0743076680813783,2.9142300455584866,3.0973651308880368,3.1004067431373317,3.0389842763130193,3.0714523297252323,3.1092427232200404,2.988590617262881,3.1051393605355937,3.1150230039769635,1.3574174906673853
f,0.3343173861503601,0.9670947790145874,0.36477190256118774,0.8990502953529358,0.3829846978187561,0.8013958930969238,0.40188348293304443,0.7294942736625671,0.4204171299934387,0.6744407415390015,0.3361790180206299,0.7368068695068359,0.37028640508651733,0.6970778107643127,0.40117448568344116,0.7321301102638245,0.4198925197124481,0.763799786567688,0.3123713731765747,0.7247837781906128,0.3238929808139801,0.6155624985694885,0.3347092866897583,0.5395430326461792,0.341044545173645,0.4684276282787323,0.2850743234157562,0.7391469478607178,0.2716997563838959,0.6216608881950378,0.26607921719551086,0.543554961681366,0.26124340295791626,0.4718409478664398,0.2596014440059662,0.7789170145988464,0.23550838232040405,0.6941686272621155,0.22159461677074432,0.6360173225402832,0.21053612232208252,0.5823272466659546,3.0246197309773133,3.0394146784728235,2.165197782011782,1.9934310950055603,2.9490609188129646,2.796568021061325,3.0792232925438934,3.0509085301174794,2.9745964179473035,3.0691468157075947,3.1336636807538274,2.9949012717358885,3.075812344141597,3.090416573998313,1.1917101003559927
f,0.2649995684623718,0.9415035247802734,0.2885494828224182,0.8646021485328674,0.29999038577079773,0.7585212588310242,0.31483668088912964,0.6854149103164673,0.3275795578956604,0.6269908547401428,0.24475312232971191,0.7123245596885681,0.27733343839645386,0.6567963361740112,0.3106421232223511,0.6649842858314514,0.3349026143550873,0.6816461682319641,0.22720858454704285,0.7043217420578003,0.2335534542798996,0.6004317998886108,0.24700769782066345,0.5275936722755432,0.258350133895874,0.46381404995918274,0.20922121405601501,0.7206289768218994,0.19466076791286469,0.6149057745933533,0.1925259232521057,0.541923463344574,0.19212940335273743,0.4761670231819153,0.1954408884048462,0.7576164603233337,0.16768479347229004,0.6901261806488037,0.14985410869121552,0.6377767324447632,0.13561969995498657,0.5879815816879272,2.984563250644455,3.1181549236566184,2.179327854894317,2.23987613094897,2.9103374873540275,2.7574135018086503,2.932456391428151,3.130518244691379,2.9597287119506754,2.9534325338468976,3.100356545724319,3.102292687570085,3.0547515576901896,3.0673008174820664,1.2479653504910058
f,0.2158837616443634,0.9278601408004761,0.24688740074634552,0.8683305978775024,0.26560959219932556,0.773827850818634,0.27968549728393555,0.697282612323761,0.2945227026939392,0.6371605396270752,0.2318844050168991,0.7038962244987488,0.24654752016067505,0.657308042049408,0.26198625564575195,0.6615617275238037,0.2757241725921631,0.6749897599220276,0.20764921605587006,0.6875092387199402,0.2145681232213974,0.5882580876350403,0.2212657928466797,0.5197544097900391,0.22808171808719635,0.45765912532806396,0.1810092031955719,0.6925848126411438,0.17616742849349976,0.5896813273429871,0.1767413169145584,0.5241938233375549,0.17987272143363953,0.4659130275249481,0.15290270745754242,0.7193940877914429,0.13321983814239502,0.645549476146698,0.12287157028913498,0.5968855619430542,0.11593557894229889,0.5505744814872742,3.1189225034693457,3.0441152216888967,2.757790988175055,1.927174319543901,2.792650929995878,2.9574580681083553,3.0927991388631715,3.1209713150575698,2.9673854924839804,3.0425616330547607,3.0619402562579774,3.0912254956844416,3.0605109889764623,3.0403791073459647,1.3150446493797705
f,0.17214146256446838,0.9301385879516602,0.2015678882598877,0.8719602823257446,0.22000689804553986,0.7812599539756775,0.23543623089790344,0.7101055979728699,0.2526925504207611,0.6605499386787415,0.18089090287685394,0.711700975894928,0.21227005124092102,0.6660435199737549,0.2413417100906372,0.6862242221832275,0.2614232003688812,0.7118240594863892,0.15758448839187622,0.6952252984046936,0.16808831691741943,0.5945300459861755,0.18080055713653564,0.5267138481140137,0.1913985311985016,0.4681987762451172,0.13279175758361816,0.7048499584197998,0.11890184879302979,0.6018677949905396,0.11637459695339203,0.5321038365364075,0.11755000054836273,0.47191014885902405,0.11055303364992142,0.7382006645202637,0.0797816812992096,0.6711426973342896,0.0642380565404892,0.6225138306617737,0.05506101995706558,0.5755195617675781,3.1204570955151394,2.955219827545365,2.327775769793198,2.0834364857998833,2.8917644891325516,2.848508356524257,3.003282292775776,3.131420353852049,3.075857042117871,2.970567231174825,3.0425793570739628,2.9757092017763314,2.9740457576770885,2.958996086864365,1.2693246151161017
f,0.2777484655380249,0.9290174841880798,0.31570830941200256,0.8833041191101074,0.3425646424293518,0.8070623874664307,0.36283576488494873,0.7529568672180176,0.3802965581417084,0.717988908290863,0.309762567281723,0.7098233699798584,0.3461543023586273,0.6733325719833374,0.37330472469329834,0.6847566962242126,0.3929685950279236,0.7028260231018066,0.2889845073223114,0.6862732768058777,0.3069837987422943,0.5813550353050232,0.32555097341537476,0.5135354399681091,0.3414686322212219,0.4554084837436676,0.2626230716705322,0.6881086826324463,0.2591399848461151,0.5764619708061218,0.2627605199813843,0.5052140355110168,0.2681424021720886,0.4453606903553009,0.23566274344921112,0.712003231048584,0.21023595333099365,0.6343783736228943,0.19691114127635956,0.5806306600570679,0.1881035566329956,0.5311691761016846,3.113490606269273,3.0031920428190215,2.3383892668223636,2.3956335849030572,2.8969342011780883,2.927670620385505,2.984661497631193,3.141492091318501,3.0858407245488517,2.996092384432404,3.0731748419032288,2.9462722209463865,3.0293914705837706,3.0330560238771027,1.2775457024665051
f,0.271683007478714,0.9288913011550903,0.31475433707237244,0.8887348175048828,0.34997880458831787,0.8154008984565735,0.3776073455810547,0.7521339654922485,0.3966740667819977,0.7021629214286804,0.3236444294452667,0.7194265127182007,0.347721129655838,0.687706470489502,0.36325517296791077,0.6987942457199097,0.3729976415634155,0.7138564586639404,0.3023969829082489,0.6888598203659058,0.3296281397342682,0.5849083662033081,0.34666669368743896,0.5160986185073853,0.36102524399757385,0.45476511120796204,0.2738557457923889,0.6772358417510986,0.2876707911491394,0.56529700756073,0.29621651768684387,0.4931895434856415,0.3054729700088501,0.4348491132259369,0.2399662286043167,0.6865758299827576,0.22747068107128143,0.5999351143836975,0.22153036296367645,0.5428387522697449,0.21950574219226837,0.49310070276260376,3.0949815675745658,3.0774659434762053,2.6239097095750323,2.122034863797311,2.8075996296847823,2.9294283499799763,3.1204367145548866,3.121293342663581,2.9409564916884734,3.1332627874676575,3.0743222074934575,3.119229263934251,3.0734970963656623,3.0309388997254314,1.266489319126682
f,0.2563530206680298,0.8266745805740356,0.2933570444583893,0.7491260766983032,0.30587396025657654,0.6642796397209167,0.3170073330402374,0.6070093512535095,0.3340380787849426,0.56825190782547,0.2796313166618347,0.5870987176895142,0.3169688582420349,0.5440490245819092,0.34818679094314575,0.5549715161323547,0.3719750642776489,0.5742595195770264,0.26795247197151184,0.57329922914505,0.27750566601753235,0.4677911698818207,0.2948582172393799,0.4010166823863983,0.3099675178527832,0.34998300671577454,0.2545298635959625,0.5846293568611145,0.24292008578777313,0.4755479097366333,0.24500161409378052,0.39716851711273193,0.24901451170444489,0.33253806829452515,0.24460215866565704,0.6151750683784485,0.2236233353614807,0.5364708304405212,0.212041437625885,0.476993590593338,0.2039031684398651,0.42361366748809814,3.0653311766091895,2.8111780850826533,2.31720427571136,2.3719105625912578,2.9080123263927713,3.063200552529838,2.8684140196019694,3.089874997929025,2.967980552148756,2.9074130325501244,3.0788332444982687,2.797519132621393,3.032336374286143,3.0730017160016376,1.4975435790273957
f,0.1866825819015503,0.7190263271331787,0.221577450633049,0.6816144585609436,0.2461765557527542,0.6148970127105713,0.264457643032074,0.5617057085037231,0.2776709496974945,0.519422173500061,0.2316468507051468,0.5116744041442871,0.2633073925971985,0.4802177846431732,0.2886154055595398,0.48136579990386963,0.30942124128341675,0.4866987466812134,0.21120794117450714,0.48318979144096375,0.22962424159049988,0.3888179063796997,0.247895747423172,0.3300411105155945,0.26442402601242065,0.27999407052993774,0.18497711420059204,0.48057740926742554,0.18671448528766632,0.3792327642440796,0.1926741898059845,0.31552428007125854,0.20069053769111633,0.2595691680908203,0.15745489299297333,0.5021241903305054,0.13999392092227936,0.42807087302207947,0.13085614144802094,0.3759363293647766,0.12525345385074615,0.3262917995452881,3.109842980751875,3.10021549485933,2.4483832615306795,2.606449210363553,3.023910011111662,2.990471082900333,2.9706552741539647,3.11556907353519,3.098410706196203,3.007263391014959,3.057000088087043,2.979786911254248,3.0467227736695346,3.037535304048205,1.398308441341597
f,0.20854592323303223,0.9109116792678833,0.24112874269485474,0.8557883501052856,0.2593024969100952,0.7715768218040466,0.27182525396347046,0.7056145668029785,0.28372398018836975,0.6567262411117554,0.24609559774398804,0.6788713335990906,0.2745966613292694,0.64126056432724,0.285544216632843,0.6567639708518982,0.2891264259815216,0.6867203116416931,0.2205982208251953,0.6592121124267578,0.233491450548172,0.559194803237915,0.24555832147598267,0.49264228343963623,0.2570197880268097,0.43431878089904785,0.19233109056949615,0.6712337732315063,0.18290530145168304,0.5664335489273071,0.1811165064573288,0.4967798590660095,0.18349479138851166,0.43469029664993286,0.16549044847488403,0.7096527814865112,0.13686875998973846,0.6436361074447632,0.12008777260780334,0.5935666561126709,0.10745275020599365,0.544833242893219,3.100749780031709,3.058731546863907,2.4894673015135638,1.8303885693230297,2.4529219415734334,3.001231347649112,3.055056011170029,3.1173071953812315,3.1027368044620562,3.02866435848476,3.0279775333556356,2.848364915903178,3.022284553117871,3.036143958975636,1.3516283904292015
f,0.24383781850337982,0.9371169209480286,0.27845969796180725,0.8777838349342346,0.294834703207016,0.7928476333618164,0.296258807182312,0.7285557389259338,0.29898136854171753,0.6776151657104492,0.2905164062976837,0.7029178738594055,0.3077795207500458,0.6522408723831177,0.3151850998401642,0.6618551015853882,0.3178694248199463,0.6847307085990906,0.26606401801109314,0.6760931015014648,0.2858647108078003,0.5718430280685425,0.29943355917930603,0.5060986876487732,0.3117631673812866,0.44859737157821655,0.2360713928937912,0.6751468181610107,0.24002103507518768,0.5620788335800171,0.24397242069244385,0.4949219226837158,0.25023043155670166,0.43912747502326965,0.20307490229606628,0.699823796749115,0.18529489636421204,0.6177913546562195,0.17465204000473022,0.564307689666748,0.16771456599235535,0.5158151388168335,2.85075771683241,3.0862207330573597,2.9375944409934163,1.4845752916306294,2.407206931105077,2.9661891353298397,3.115572282886359,3.129061652159818,3.0269160429633244,3.0993915028414225,3.048997194695111,3.0701996186205878,3.1138282055545132,3.0506211212406558,1.5280005619705792
f,0.26766136288642883,0.9080408811569214,0.30525922775268555,0.8393927216529846,0.32606086134910583,0.7493770718574524,0.3465503752231598,0.6851707100868225,0.3732887804508209,0.6454645395278931,0.2900609076023102,0.666881263256073,0.32188546657562256,0.6142151355743408,0.35128387808799744,0.6158478260040283,0.3748934268951416,0.6241235733032227,0.2773972749710083,0.6593805551528931,0.29185765981674194,0.5552976727485657,0.3074598014354706,0.48363131284713745,0.31829023361206055,0.4236025810241699,0.2626764476299286,0.6794900298118591,0.25422462821006775,0.5694828033447266,0.25503844022750854,0.5001383423805237,0.25705787539482117,0.43724992871284485,0.25126370787620544,0.7226243019104004,0.2225562334060669,0.6631301045417786,0.20525318384170532,0.6144391298294067,0.1919730305671692,0.5645968914031982,3.0153496408611558,2.7827433629373615,2.484058141930775,2.3607496318657515,2.9781484189891136,2.96894372104559,3.014458736880511,3.082697149134194,3.044602193706302,2.9849859553300138,3.1054282084762113,2.588518739319041,2.996019433563672,3.02051644354899,1.1899101036353128
f,0.26871341466903687,0.8973639607429504,0.3037937879562378,0.8278777599334717,0.3224576711654663,0.7403979897499084,0.3388567864894867,0.6801559329032898,0.3619571626186371,0.6380850672721863,0.283753901720047,0.6604524850845337,0.3096259534358978,0.6093763113021851,0.33402174711227417,0.6141590476036072,0.35218703746795654,0.62506103515625,0.271963506937027,0.6540756225585938,0.29598116874694824,0.5623021125793457,0.3215121030807495,0.49878883361816406,0.3422875702381134,0.44620993733406067,0.25742030143737793,0.6705722808837891,0.2557483911514282,0.5632166862487793,0.2607756555080414,0.4877735674381256,0.26808419823646545,0.4223518967628479,0.2466035783290863,0.7093483805656433,0.2159334421157837,0.6470317840576172,0.19727486371994019,0.5968573093414307,0.18336939811706543,0.5482684969902039,3.053396249790709,2.818987734630209,2.520882040980787,2.194061809821581,2.9258515652100705,2.729870399975462,2.9565841184519135,3.133486842911075,3.080977485966491,2.995998061868726,3.063455667653956,2.62887478383269,3.0069291199236505,3.0280912487946567,1.2503093955771767
f,0.27649399638175964,0.8901317119598389,0.309170663356781,0.8351582288742065,0.32993102073669434,0.757546067237854,0.3509971499443054,0.6960057020187378,0.38023093342781067,0.6539249420166016,0.30674490332603455,0.6527625322341919,0.3429146707057953,0.611223578453064,0.3721957206726074,0.610858678817749,0.395207941532135,0.6230785250663757,0.2848396897315979,0.6346288919448853,0.29570844769477844,0.5298415422439575,0.31216371059417725,0.461836576461792,0.3259468972682953,0.40512949228286743,0.25936922430992126,0.6491008996963501,0.2502117455005646,0.540263831615448,0.25202232599258423,0.46554672718048096,0.2569843530654907,0.4012231230735779,0.23453092575073242,0.6896576881408691,0.2039204239845276,0.6201031804084778,0.1872517466545105,0.566583514213562,0.1754920929670334,0.5156081318855286,3.0387888685794007,2.7981091020488185,2.3671571928306587,2.5750444304327424,2.8443226665156893,3.0172500208031803,2.917696309402467,3.139961829612777,3.118754801868123,2.950059129781096,3.0483555191150002,2.833928929939904,2.9833532409033374,3.0251226862710148,1.3298264029426834
f,0.27709150314331055,0.8889681100845337,0.3075579106807709,0.8343108892440796,0.3248928487300873,0.7566298246383667,0.3384605348110199,0.6953913569450378,0.35944297909736633,0.6519021987915039,0.30506229400634766,0.6639348864555359,0.33323028683662415,0.6310489773750305,0.35454732179641724,0.6367905735969543,0.3697301149368286,0.6515187621116638,0.284923791885376,0.642516553401947,0.3029012084007263,0.5475006103515625,0.3229358494281769,0.481873095035553,0.3407878577709198,0.42209047079086304,0.2599954307079315,0.6503337025642395,0.250669002532959,0.5479389429092407,0.25152748823165894,0.4778591990470886,0.2561820447444916,0.4151812493801117,0.23497267067432404,0.6851010322570801,0.20534196496009827,0.6137719750404358,0.18794697523117065,0.5640345811843872,0.17450295388698578,0.5166775584220886,3.139132153108867,2.807841282616641,2.369353583075368,2.4101498449698173,2.79245145815595,2.8735560428452405,2.9688333333246626,3.1323974003642605,3.1077408086520153,2.9592860159911973,3.0321059158115373,2.8574818806166578,3.061751272930151,3.0527212291341312,1.4206967936195904
f,0.259398877620697,0.9096437692642212,0.2958471477031708,0.8610034584999084,0.3193871080875397,0.7703697681427002,0.3323471248149872,0.6998720169067383,0.33812087774276733,0.6585204005241394,0.30691108107566833,0.6748180985450745,0.3243194818496704,0.6119828224182129,0.3286381661891937,0.6124357581138611,0.3273187279701233,0.6129589080810547,0.2861400246620178,0.6559690833091736,0.29947811365127563,0.5507886409759521,0.3057575225830078,0.48816460371017456,0.3088425099849701,0.4370230436325073,0.26296186447143555,0.6594408750534058,0.26830679178237915,0.5524523854255676,0.2706606984138489,0.48480623960494995,0.2724200189113617,0.4281185269355774,0.2376135289669037,0.681242823600769,0.24023357033729553,0.600199818611145,0.241285502910614,0.546137809753418,0.24296893179416656,0.49614065885543823,3.0248987803259912,3.0690222073885685,3.0292262684482982,1.9695245467464224,0.27836248290168153,3.105112766916112,3.0962644678701374,3.072016845407603,3.078321756662623,3.1147941373382038,3.134927423063396,2.9162116543608554,3.1187600040544243,3.1163833479196312,1.4672893272105418
f,0.26622772216796875,0.9060341119766235,0.30644068121910095,0.8330221176147461,0.32633548974990845,0.7322858572006226,0.34700578451156616,0.6716200113296509,0.3754688501358032,0.6307841539382935,0.284585177898407,0.653060793876648,0.3045339584350586,0.555311381816864,0.317255437374115,0.49460309743881226,0.3264521658420563,0.44291070103645325,0.2692165970802307,0.6576074957847595,0.27729570865631104,0.5526416897773743,0.28391245007514954,0.48394572734832764,0.288012832403183,0.42614486813545227,0.25944212079048157,0.6808552145957947,0.26690369844436646,0.591802179813385,0.2741044759750366,0.5281583070755005,0.2789839506149292,0.4735497832298279,0.25633010268211365,0.717355489730835,0.26326850056648254,0.6482993364334106,0.26596227288246155,0.5970861315727234,0.2665576934814453,0.5519555807113647,2.9346246063251242,2.7944240401959983,2.921850344046408,3.133026070269396,3.091317892595033,3.0269890078833583,3.1079924587242918,3.0974561556385303,2.9402025443088537,3.090969607476936,3.1006351642955896,2.87184612620074,3.058073564982054,3.071804583746508,1.1388038435776062
f,0.2350463569164276,0.9216426014900208,0.26553571224212646,0.8415990471839905,0.27808883786201477,0.7303351759910583,0.29571372270584106,0.6528927087783813,0.3144244849681854,0.5911633968353271,0.2246585488319397,0.6745578050613403,0.26088887453079224,0.6190895438194275,0.29894763231277466,0.6253044605255127,0.32800716161727905,0.6335189938545227,0.20015530288219452,0.6623073220252991,0.20766516029834747,0.5462655425071716,0.22643952071666718,0.4622831344604492,0.2433454990386963,0.3880655765533447,0.17584362626075745,0.6784400343894958,0.1579473912715912,0.5628231763839722,0.160464808344841,0.48157942295074463,0.16671079397201538,0.4077281355857849,0.15721505880355835,0.7176601886749268,0.12951484322547913,0.6384984850883484,0.11425577104091644,0.5763780474662781,0.10437778383493423,0.5167586207389832,2.9550757634279603,3.031805481034137,2.207144600518502,2.3390446411276273,3.0755035918936446,2.7922719930786166,2.877857277875135,3.135102431052477,3.001698515004588,2.81802788436418,3.047385249630857,3.102056993450576,2.996825195355368,3.0163128704124897,1.2492197312101307
f,0.20716218650341034,0.9319188594818115,0.23173336684703827,0.8520843386650085,0.23303811252117157,0.7526543736457825,0.23048894107341766,0.6886544227600098,0.22872307896614075,0.6408255100250244,0.19901850819587708,0.6786044239997864,0.22983330488204956,0.6194140315055847,0.26067179441452026,0.6355050206184387,0.28483957052230835,0.6659212112426758,0.17092424631118774,0.6691616177558899,0.17114534974098206,0.5553731322288513,0.18288227915763855,0.4735524654388428,0.19442911446094513,0.4053366184234619,0.14468462765216827,0.6936898827552795,0.11793194711208344,0.5844548940658569,0.11283713579177856,0.5073527693748474,0.11256174743175507,0.43805116415023804,0.12646764516830444,0.7423580884933472,0.09057022631168365,0.6752205491065979,0.06977050751447678,0.6237156987190247,0.05338796228170395,0.5713955163955688,3.0475760482830774,3.1364425121882333,2.3377651858295216,2.032047614746489,2.811049377660111,2.897700516816978,2.8953522124836666,3.0989842648500936,3.1159600957003692,2.8478881291853395,3.031719637549176,3.029370633264074,3.0042040991046,3.026870748372998,1.3738955787471165
f,0.3306194841861725,0.8255938291549683,0.3828178346157074,0.7786036133766174,0.41664549708366394,0.6690823435783386,0.4312889873981476,0.5798036456108093,0.45505353808403015,0.5215445756912231,0.4066310524940491,0.5494361519813538,0.436509907245636,0.5015909075737,0.4516247808933258,0.51603764295578,0.45917776226997375,0.5387871265411377,0.3767414391040802,0.5122261047363281,0.4117591977119446,0.38792675733566284,0.4362882673740387,0.30487918853759766,0.45714521408081055,0.231524258852005,0.3387450873851776,0.5096809267997742,0.3509021997451782,0.368997186422348,0.36328351497650146,0.28328800201416016,0.377886563539505,0.2106841504573822,0.2962372601032257,0.5382027626037598,0.2773805260658264,0.43315446376800537,0.2673851251602173,0.361591637134552,0.262216717004776,0.2922161817550659,2.923165567674163,2.797893430804198,2.7590913198830878,1.9150706843729282,2.597304692797602,2.9331938467912977,3.1223946155924733,3.126094396479343,3.0348530810540386,3.0426461747152387,3.0495702311038007,3.0422505787638774,3.0760728563775386,3.029883841984699,1.3457277173895594
f,0.34249114990234375,0.838819146156311,0.3921637237071991,0.7496356964111328,0.4176066219806671,0.6248048543930054,0.44789639115333557,0.5384106040000916,0.48295289278030396,0.4896577298641205,0.3713800609111786,0.5269012451171875,0.41255050897598267,0.4581863284111023,0.45321694016456604,0.4624174237251282,0.48727118968963623,0.46738871932029724,0.3547482490539551,0.5155256986618042,0.3831463158130646,0.3879633843898773,0.41864895820617676,0.29559940099716187,0.4479314684867859,0.21723636984825134,0.33496469259262085,0.5372815132141113,0.3242343068122864,0.3899984061717987,0.33382582664489746,0.28752708435058594,0.3462211489677429,0.20035555958747864,0.32042384147644043,0.5851552486419678,0.2877499461174011,0.48543769121170044,0.27009835839271545,0.4056655168533325,0.2583675980567932,0.3323162794113159,2.9318554581916225,2.791996706975586,2.487844459985387,2.3292748069115667,3.1181198219364035,2.8320368702030803,2.918992362262811,3.128510350191966,3.057133513751535,2.8478961582953852,3.0588820705819932,2.7675701926538068,2.988913909335846,3.04381860009196,1.2385257578723623
f,0.3253096044063568,0.8295235633850098,0.37321028113365173,0.7717969417572021,0.40182241797447205,0.662429928779602,0.413838654756546,0.5747383832931519,0.4319135248661041,0.5095943808555603,0.3943334221839905,0.5446678996086121,0.424814373254776,0.49164021015167236,0.44142425060272217,0.5028811693191528,0.4502818286418915,0.5239430665969849,0.3626171350479126,0.508849561214447,0.39637455344200134,0.3835420608520508,0.41976073384284973,0.2990622818470001,0.44005534052848816,0.22533169388771057,0.32264816761016846,0.5084667205810547,0.3311551809310913,0.36608487367630005,0.3403788208961487,0.278689444065094,0.3530923128128052,0.20516011118888855,0.2791426479816437,0.5407946109771729,0.2571469843387604,0.43900230526924133,0.24469465017318726,0.36866843700408936,0.23777306079864502,0.3008478283882141,2.9452090139866947,2.922301363773726,2.752122264961426,2.0032789511898064,2.5765286423498743,2.898897487059414,3.130904864024629,3.1393400728575536,3.021034962865347,3.061945458048662,3.0288439686964126,3.051781463960061,3.0797573107770346,3.0161433769449166,1.3962902282043486
f,0.31852880120277405,0.8489819765090942,0.3649393320083618,0.7894132137298584,0.3931506276130676,0.6856417059898376,0.3965480923652649,0.600445032119751,0.39958760142326355,0.525831937789917,0.3871382772922516,0.563779890537262,0.42560461163520813,0.5103703141212463,0.44728222489356995,0.5411071181297302,0.4596993327140808,0.582431972026825,0.35622984170913696,0.5254286527633667,0.38718897104263306,0.3962098956108093,0.4080885648727417,0.3118855059146881,0.4261462092399597,0.23307174444198608,0.3165499269962311,0.5260748267173767,0.32568514347076416,0.38396552205085754,0.33405765891075134,0.2938389182090759,0.344882071018219,0.21393373608589172,0.2714250683784485,0.5600520968437195,0.25245749950408936,0.45317479968070984,0.24134700000286102,0.3805605173110962,0.23521317541599274,0.3089585304260254,2.7621646796324315,3.1400732819663353,2.637985091608142,1.8052753954510692,2.734670165816299,2.9431935559318303,3.1292283519455695,3.113369616546642,3.0169110224044706,3.0917066243221227,3.068938308331689,3.118072934659168,3.1015609010346576,3.0271389667031445,1.4145251675317705
f,0.31403571367263794,0.8514673113822937,0.3579118847846985,0.7617726922035217,0.3781072795391083,0.6318720579147339,0.4058644771575928,0.543181836605072,0.441694974899292,0.4932093620300293,0.3282839059829712,0.5501463413238525,0.3688076436519623,0.4903363585472107,0.4053579568862915,0.5043227076530457,0.43506768345832825,0.522872269153595,0.3091062605381012,0.5387914180755615,0.3361305594444275,0.40911930799484253,0.3666560649871826,0.31538206338882446,0.39299890398979187,0.2349259853363037,0.2877703309059143,0.5617098808288574,0.2746467590332031,0.4179673194885254,0.27875274419784546,0.3165009319782257,0.2872295379638672,0.2276633381843567,0.27262938022613525,0.6114071011543274,0.2367614507675171,0.5230112671852112,0.21618938446044922,0.4512399435043335,0.20171797275543213,0.38297203183174133,2.9035144442331924,2.743756822205726,2.347553473598293,2.236690295875048,3.0158586336000797,2.758755174503717,2.9716252724844936,3.139240191189033,3.1404613008327233,2.9088696337882443,3.045375109344406,2.814208870401333,2.9879493860552717,3.030711905528908,1.2010042105311556
f,0.29452621936798096,0.8809945583343506,0.3373493552207947,0.8087841272354126,0.3532281219959259,0.6821336150169373,0.3685818016529083,0.5853108167648315,0.3904222249984741,0.5270103812217712,0.3245947062969208,0.5910453796386719,0.3568139672279358,0.5179526209831238,0.3829115033149719,0.5395850539207458,0.4020835757255554,0.565492570400238,0.30178236961364746,0.579988420009613,0.3161137104034424,0.4448004961013794,0.3259892463684082,0.3626790940761566,0.33251553773880005,0.2908601462841034,0.2772688567638397,0.5974499583244324,0.2821039855480194,0.4639877676963806,0.2892608940601349,0.3745160698890686,0.2944895327091217,0.29838505387306213,0.2511952519416809,0.6334574818611145,0.2521924376487732,0.5252695083618164,0.2578696012496948,0.45031648874282837,0.26589685678482056,0.3821430802345276,3.086116182626528,2.828839771317293,2.659217953161535,1.7991907268339422,2.9279427382902727,2.9981439191290598,3.1172541599335495,3.0911414097051977,2.969493846166835,3.06465129435137,3.121829488088404,2.8235105762080646,3.0241281923648407,3.0690921879977244,1.3496905952005585
f,0.23931999504566193,0.8497939705848694,0.2867638170719147,0.7944554090499878,0.32022181153297424,0.6949092745780945,0.35219651460647583,0.6230831146240234,0.38552895188331604,0.5816793441772461,0.2874370813369751,0.6047996878623962,0.3135438561439514,0.5622398257255554,0.33360743522644043,0.6017875671386719,0.34576544165611267,0.6392673254013062,0.2632492780685425,0.5776324272155762,0.2861931025981903,0.4590458273887634,0.29837316274642944,0.3793487548828125,0.3075597882270813,0.30665531754493713,0.23543035984039307,0.5754315853118896,0.24925129115581512,0.44936272501945496,0.26136070489883423,0.36757004261016846,0.2726840376853943,0.29522940516471863,0.204462930560112,0.5955234169960022,0.21372371912002563,0.4942932426929474,0.22277803719043732,0.42852625250816345,0.23316167294979095,0.37052375078201294,3.0107062332511045,2.8501351879492454,2.6488485891384737,1.562538235923444,2.930826237373974,2.965362049441065,3.0756016476564563,3.0972969491405635,2.9239096074130595,3.076714243540187,3.1275503369266517,2.7413193417786847,3.0627838357629042,3.0735028940742533,1.2723109475324104
f,0.28137722611427307,0.8328037858009338,0.32497942447662354,0.7735228538513184,0.3480532169342041,0.6656285524368286,0.36632683873176575,0.5869796872138977,0.3893762528896332,0.5321023464202881,0.32907095551490784,0.5731691122055054,0.3616136312484741,0.5265561938285828,0.3830278813838959,0.5543088316917419,0.3951895833015442,0.5821294784545898,0.3103073537349701,0.5462175011634827,0.33836090564727783,0.42517492175102234,0.3615022301673889,0.3513818681240082,0.37938159704208374,0.28909599781036377,0.2856955826282501,0.5454909801483154,0.29588574171066284,0.41593778133392334,0.3079485297203064,0.3322266936302185,0.3183816373348236,0.26214954257011414,0.2592901289463043,0.5657998919487,0.2658424973487854,0.4645773768424988,0.272849977016449,0.39540040493011475,0.28049665689468384,0.3332066237926483,3.1131923690817547,2.8919201418086673,2.5646568057514996,1.8334621412215455,2.8613690867223553,2.9283318988945326,3.023836800138843,3.1048714415159795,3.029374231611586,3.029740056335715,3.133634537779436,2.8810022634162573,3.07799295999013,3.104575921370327,1.5180869918539799
f,0.1562223583459854,0.6226828098297119,0.1761450171470642,0.6326185464859009,0.19906412065029144,0.5887840390205383,0.20209775865077972,0.5265078544616699,0.1982364058494568,0.47272199392318726,0.24210681021213531,0.5001786351203918,0.2154928296804428,0.4595218002796173,0.19039849936962128,0.47167059779167175,0.17800329625606537,0.4878647029399872,0.22532963752746582,0.45599478483200073,0.21776288747787476,0.3677246570587158,0.21657238900661469,0.30334746837615967,0.2199801802635193,0.2438555508852005,0.20448212325572968,0.4358731210231781,0.18268564343452454,0.3986712396144867,0.1639431118965149,0.4441581964492798,0.1543973982334137,0.47327086329460144,0.1829332411289215,0.4309711456298828,0.19054555892944336,0.3729422390460968,0.1945977658033371,0.3454124927520752,0.19883999228477478,0.31423431634902954,2.479089960598567,2.928265354947861,1.3860367417533903,2.1658492061100407,2.773701770412021,2.3551990458062657,3.0232242262373363,3.0072447531438162,1.9052916099544257,1.4379881895404638,3.037134553901849,3.127901014661377,3.1147700847511812,3.1229863778332243,1.8097976354109124
f,0.1578129231929779,0.649101972579956,0.19409112632274628,0.6269462704658508,0.22355827689170837,0.5599837303161621,0.24000617861747742,0.49364516139030457,0.25754043459892273,0.44107264280319214,0.2235839068889618,0.4464697241783142,0.22758857905864716,0.36575430631637573,0.2273074984550476,0.30534327030181885,0.22610917687416077,0.2527027726173401,0.20492513477802277,0.4231495261192322,0.2177806794643402,0.3252204954624176,0.22572776675224304,0.2557114362716675,0.2327089011669159,0.19378632307052612,0.18516814708709717,0.41761261224746704,0.19928346574306488,0.3244629502296448,0.2115173637866974,0.2629108130931854,0.2221081256866455,0.21004630625247955,0.1630765199661255,0.4264940619468689,0.1777322143316269,0.35102248191833496,0.18840408325195312,0.30202606320381165,0.19817736744880676,0.25626081228256226,2.892886547577617,3.0215454355987337,2.706205527640989,3.045344940665962,3.109416403315883,3.0158912327867404,3.1128447616517088,3.1388654160763796,3.085516074334231,3.065087137768102,3.1390958800303994,2.85119041678971,3.1045683810323594,3.1349952417502296,1.5441591670980426
f,0.17980171740055084,0.7093259692192078,0.22135180234909058,0.6616626977920532,0.24376946687698364,0.5773600339889526,0.253493070602417,0.5118731260299683,0.26151132583618164,0.4573120176792145,0.240781769156456,0.49172115325927734,0.27238723635673523,0.4502037763595581,0.29173338413238525,0.4784016013145447,0.30258411169052124,0.5144546627998352,0.2233252376317978,0.46297508478164673,0.2475285679101944,0.36567068099975586,0.26671260595321655,0.3084977865219116,0.2823980152606964,0.2571026682853699,0.19968102872371674,0.45908087491989136,0.21240048110485077,0.35132285952568054,0.22490361332893372,0.2814798951148987,0.23567348718643188,0.22185567021369934,0.17284522950649261,0.4748576283454895,0.18172435462474823,0.38687863945961,0.19011472165584564,0.3295000195503235,0.19861605763435364,0.27902865409851074,2.9580667692220697,3.1390606582106533,2.6693606862388624,1.8184900885343096,2.7488274059234272,3.029571258494681,3.0200832703939704,3.1008503027409544,3.075047709534493,3.0403171475369586,3.138993590145912,2.9113660274265594,3.0647912653645104,3.104975111741037,1.54211081831849
f,0.13139641284942627,0.6025006175041199,0.1454671323299408,0.610817551612854,0.15680544078350067,0.5695310831069946,0.1496526300907135,0.5083117485046387,0.14044035971164703,0.4531683325767517,0.21021446585655212,0.4905460476875305,0.18819929659366608,0.4521888494491577,0.15529263019561768,0.4614321291446686,0.12972326576709747,0.4723626673221588,0.2009085863828659,0.4435823857784271,0.20256035029888153,0.3589739203453064,0.20069220662117004,0.2962132692337036,0.2032230645418167,0.23779022693634033,0.1855914294719696,0.4167090058326721,0.1907597780227661,0.33365702629089355,0.19768059253692627,0.2763461172580719,0.20715151727199554,0.22274287045001984,0.16464130580425262,0.4053262770175934,0.17841123044490814,0.34694063663482666,0.18909689784049988,0.3137977719306946,0.19947722554206848,0.2833290696144104,2.482609497294968,3.057695836450814,1.4494437734560468,2.2095633480449246,3.062319384662446,2.5153435686342114,3.0540317053171844,3.011863583994264,2.7733800651097478,3.0403031893061963,3.0487166907575793,3.035800682941681,3.0181440084463516,3.1174794675976076,2.2859242534807023
f,0.1365518569946289,0.6373645663261414,0.16622573137283325,0.6322630643844604,0.19427959620952606,0.582037627696991,0.19779011607170105,0.5201745629310608,0.18990476429462433,0.4653317332267761,0.22498221695423126,0.5027921199798584,0.23348456621170044,0.464743047952652,0.21126946806907654,0.478209912776947,0.1907861977815628,0.49629446864128113,0.209543839097023,0.45391157269477844,0.23583969473838806,0.37096741795539856,0.2470453828573227,0.3156540095806122,0.2601669132709503,0.26561301946640015,0.1852272003889084,0.4300682842731476,0.2065436691045761,0.33541661500930786,0.21627964079380035,0.2781012952327728,0.22864940762519836,0.22610266506671906,0.15500536561012268,0.4294891059398651,0.16230465471744537,0.35056525468826294,0.16576695442199707,0.30209988355636597,0.17043910920619965,0.2570643126964569,2.46025270370126,2.79079781433526,2.6569075121961827,0.8640311632677399,3.009271449150898,3.0391904718880323,2.9740500424283667,3.0510706471192823,3.126969653656725,3.054042359719785,3.034771640355608,3.1351583358834207,3.104958226987058,3.085534732998358,1.6360021077439353
f,0.1614149957895279,0.6948320269584656,0.197496235370636,0.6496611833572388,0.21905618906021118,0.56583571434021,0.2390282303094864,0.5058203339576721,0.2593308091163635,0.46502310037612915,0.19633503258228302,0.4879874289035797,0.22269326448440552,0.45287296175956726,0.2413846254348755,0.46923282742500305,0.252596914768219,0.4857846200466156,0.1816294640302658,0.46546024084091187,0.20868204534053802,0.3742057979106903,0.2331608682870865,0.31628143787384033,0.25235098600387573,0.26513221859931946,0.1624372899532318,0.4651833772659302,0.16850653290748596,0.3596487045288086,0.17912811040878296,0.291387677192688,0.18952308595180511,0.23216933012008667,0.14278295636177063,0.4856446385383606,0.13694190979003906,0.4025806784629822,0.13626886904239655,0.34612855315208435,0.13675224781036377,0.2976100444793701,3.036226043189557,2.95152239105028,2.5054648813497415,2.041001853091906,2.9061013493917893,2.811970236438098,2.982301430598636,3.085490387613968,3.0476213243002386,2.9736000353510637,3.108982056447387,3.108920091008155,3.0384168413046373,3.1026908367308343,1.433553216247614
f,0.1686243712902069,0.7184215784072876,0.20675672590732574,0.6525073647499084,0.22554698586463928,0.5668700933456421,0.24840179085731506,0.5102265477180481,0.27776506543159485,0.4714118540287018,0.18743842840194702,0.5073212385177612,0.21712563931941986,0.4490188956260681,0.24093575775623322,0.45787176489830017,0.2562718987464905,0.4730004370212555,0.1766834259033203,0.5005506873130798,0.2043466866016388,0.3974050283432007,0.23105381429195404,0.3378714621067047,0.2526702582836151,0.2900044918060303,0.16642597317695618,0.5167896151542664,0.17826318740844727,0.4031369686126709,0.19114789366722107,0.3318471312522888,0.20270897448062897,0.2725641429424286,0.16076427698135376,0.5474141836166382,0.16444353759288788,0.4667515456676483,0.1664201319217682,0.40700316429138184,0.1678573489189148,0.35443758964538574,2.8912666390322923,2.832407735636494,2.5630293722251833,2.100323604917504,2.8411745685666374,2.7623479305072802,2.9132746809619547,3.138354252445673,2.9391253545924614,3.013788330538962,3.1187573300063414,2.9791483022262035,3.1194247363634475,3.1314166532093815,1.1494097477345921
f,0.16110984981060028,0.7252088189125061,0.19517846405506134,0.6771256923675537,0.21182756125926971,0.5915477871894836,0.22776077687740326,0.5287980437278748,0.24615228176116943,0.4872034192085266,0.19002658128738403,0.517656683921814,0.21858146786689758,0.4768018126487732,0.23878812789916992,0.4926395118236542,0.25148284435272217,0.512916624546051,0.17301730811595917,0.4955546259880066,0.1930256336927414,0.4010580778121948,0.21522904932498932,0.3375731110572815,0.23330555856227875,0.2842456102371216,0.15281687676906586,0.49794965982437134,0.15111064910888672,0.3917069137096405,0.15764108300209045,0.32109683752059937,0.16508980095386505,0.26115182042121887,0.1339418739080429,0.5211106538772583,0.12461775541305542,0.4409288167953491,0.12132735550403595,0.38392212986946106,0.1195593923330307,0.33421528339385986,3.0505549736363866,2.8994315897785388,2.491253494198012,2.0486903830822256,2.824864776615309,2.8734951231014874,2.945337620554395,3.1276638800639405,3.105352922402654,2.950088542461884,3.0871403835803743,3.113084105568768,3.0399864010609625,3.102485595819782,1.4479243099757382
f,0.15074701607227325,0.9513020515441895,0.1840236485004425,0.9125881195068359,0.20582935214042664,0.8533867597579956,0.2171580195426941,0.8081660866737366,0.22290262579917908,0.7661391496658325,0.19817295670509338,0.7447919249534607,0.2303551435470581,0.7195987105369568,0.2481657862663269,0.7646403908729553,0.25650712847709656,0.8095705509185791,0.17666807770729065,0.7161575555801392,0.19748751819133759,0.6295543313026428,0.21810680627822876,0.5754547715187073,0.23603688180446625,0.5264402627944946,0.14884281158447266,0.7156960964202881,0.14986065030097961,0.6111810207366943,0.1551375538110733,0.5420852303504944,0.1629234403371811,0.47996386885643005,0.1204029843211174,0.7419345378875732,0.11048146337270737,0.6563035249710083,0.10721156001091003,0.5980309247970581,0.10694608092308044,0.5444780588150024,2.980838375212382,2.9609787663924054,2.373209078275157,1.768725216988357,2.847659726115772,2.9312294067271303,2.9499594235912996,3.1226844429751455,3.1099138852465553,3.0239588874128076,3.057304064186071,3.092559462102018,3.037883049490631,3.0509763498617346,1.4184508498663928
